{"cameraMode":{"drawMode":0,"name":"Shaded","section":"Shading Mode"},"sceneLighting":false,"audioPlay":false,"sceneViewState":{"showFog":true,"showMaterialUpdate":true,"showSkybox":false,"showFlares":true,"showImageEffects":true,"showParticleSystems":true},"in2DMode":false,"pivot":{"x":3.895401954650879,"y":-21.405363082885743,"z":21.24974822998047},"rotation":{"x":0.3624173700809479,"y":0.07119844108819962,"z":-0.02777906134724617,"w":0.9288793802261353},"size":36.412967681884769,"orthographic":false}