{"cameraMode":{"drawMode":0,"name":"Shaded","section":"Shading Mode"},"sceneLighting":false,"audioPlay":false,"sceneViewState":{"showFog":true,"showMaterialUpdate":true,"showSkybox":true,"showFlares":true,"showImageEffects":true,"showParticleSystems":true},"in2DMode":false,"pivot":{"x":-2.76969838142395,"y":-72.60663604736328,"z":69.43505859375},"rotation":{"x":-0.3552495539188385,"y":-0.024676606059074403,"z":0.009381559677422047,"w":-0.9344083666801453},"size":128.63059997558595,"orthographic":false}