{"cameraMode":{"drawMode":0,"name":"Shaded","section":"Shading Mode"},"sceneLighting":false,"audioPlay":false,"sceneViewState":{"showFog":true,"showMaterialUpdate":true,"showSkybox":true,"showFlares":true,"showImageEffects":true,"showParticleSystems":true},"in2DMode":false,"pivot":{"x":9.377700805664063,"y":4.179506301879883,"z":4.533841609954834},"rotation":{"x":0.024456258863210679,"y":0.9617162346839905,"z":-0.09145424515008927,"w":0.25717732310295107},"size":29.080772399902345,"orthographic":false}