{"cameraMode":{"drawMode":0,"name":"Shaded","section":"Shading Mode"},"sceneLighting":false,"audioPlay":false,"sceneViewState":{"showFog":true,"showMaterialUpdate":true,"showSkybox":true,"showFlares":true,"showImageEffects":true,"showParticleSystems":true},"in2DMode":false,"pivot":{"x":1.5509364604949952,"y":19.27925682067871,"z":-9.19694709777832},"rotation":{"x":0.42797142267227175,"y":0.23389597237110139,"z":-0.11568301171064377,"w":0.8653079271316528},"size":22.0,"orthographic":false}