{"cameraMode":{"drawMode":0,"name":"Shaded","section":"Shading Mode"},"sceneLighting":false,"audioPlay":false,"sceneViewState":{"showFog":true,"showMaterialUpdate":true,"showSkybox":true,"showFlares":true,"showImageEffects":true,"showParticleSystems":true},"in2DMode":false,"pivot":{"x":5.169454097747803,"y":6.212287425994873,"z":10.682865142822266},"rotation":{"x":0.06981173157691956,"y":-0.8886623978614807,"z":0.4296141564846039,"w":0.1444239765405655},"size":38.13007736206055,"orthographic":false}