{"cameraMode":{"drawMode":0,"name":"Shaded","section":"Shading Mode"},"sceneLighting":false,"audioPlay":false,"sceneViewState":{"showFog":true,"showMaterialUpdate":true,"showSkybox":true,"showFlares":true,"showImageEffects":true,"showParticleSystems":true},"in2DMode":false,"pivot":{"x":-28.210655212402345,"y":5.55012845993042,"z":-5.982400894165039},"rotation":{"x":-0.026495644822716714,"y":0.9715588092803955,"z":-0.13226953148841859,"w":-0.19461846351623536},"size":32.99958419799805,"orthographic":false}