{"cameraMode":{"drawMode":0,"name":"Shaded","section":"Shading Mode"},"sceneLighting":false,"audioPlay":false,"sceneViewState":{"showFog":true,"showMaterialUpdate":true,"showSkybox":true,"showFlares":true,"showImageEffects":true,"showParticleSystems":true},"in2DMode":false,"pivot":{"x":-18.578357696533204,"y":2.7243337631225588,"z":-0.5313034057617188},"rotation":{"x":-0.23554612696170808,"y":-0.228639155626297,"z":0.05711923912167549,"w":-0.9428631663322449},"size":9.127270698547364,"orthographic":false}