{"cameraMode":{"drawMode":0,"name":"Shaded","section":"Shading Mode"},"sceneLighting":false,"audioPlay":false,"sceneViewState":{"showFog":true,"showMaterialUpdate":true,"showSkybox":true,"showFlares":true,"showImageEffects":true,"showParticleSystems":true},"in2DMode":false,"pivot":{"x":0.7279798984527588,"y":4.530254364013672,"z":-5.031089782714844},"rotation":{"x":-0.011742518283426762,"y":0.8844825029373169,"z":-0.4658917784690857,"w":-0.022292932495474817},"size":53.612545013427737,"orthographic":false}