{"cameraMode":{"drawMode":0,"name":"Shaded","section":"Shading Mode"},"sceneLighting":false,"audioPlay":false,"sceneViewState":{"showFog":true,"showMaterialUpdate":true,"showSkybox":true,"showFlares":true,"showImageEffects":true,"showParticleSystems":true},"in2DMode":false,"pivot":{"x":5.300382614135742,"y":-7.138888359069824,"z":0.6902811527252197},"rotation":{"x":-0.012066015042364598,"y":-0.8745205402374268,"z":0.48437121510505679,"w":-0.021771568804979326},"size":51.066749572753909,"orthographic":false}