{"cameraMode":{"drawMode":0,"name":"Shaded","section":"Shading Mode"},"sceneLighting":false,"audioPlay":false,"sceneViewState":{"showFog":true,"showMaterialUpdate":true,"showSkybox":true,"showFlares":true,"showImageEffects":true,"showParticleSystems":true},"in2DMode":false,"pivot":{"x":0.765576958656311,"y":11.081310272216797,"z":-22.12330436706543},"rotation":{"x":0.5113437175750732,"y":0.03735305368900299,"z":-0.02225789614021778,"w":0.8582804203033447},"size":36.838809967041019,"orthographic":false}