{"cameraMode":{"drawMode":0,"name":"Shaded","section":"Shading Mode"},"sceneLighting":false,"audioPlay":false,"sceneViewState":{"showFog":true,"showMaterialUpdate":true,"showSkybox":true,"showFlares":true,"showImageEffects":true,"showParticleSystems":true},"in2DMode":false,"pivot":{"x":2.174400806427002,"y":-13.757255554199219,"z":-13.167816162109375},"rotation":{"x":-0.011742518283426762,"y":0.8844825029373169,"z":-0.4658917784690857,"w":-0.022292932495474817},"size":54.07268142700195,"orthographic":false}