{"cameraMode":{"drawMode":0,"name":"Shaded","section":"Shading Mode"},"sceneLighting":false,"audioPlay":false,"sceneViewState":{"showFog":true,"showMaterialUpdate":true,"showSkybox":true,"showFlares":true,"showImageEffects":true,"showParticleSystems":true},"in2DMode":false,"pivot":{"x":-11.442813873291016,"y":5.855506896972656,"z":-6.0941877365112309},"rotation":{"x":-0.45653197169303896,"y":-0.0261533223092556,"z":0.013426980935037136,"w":-0.8892322182655335},"size":50.930084228515628,"orthographic":false}