{"cameraMode":{"drawMode":0,"name":"Shaded","section":"Shading Mode"},"sceneLighting":false,"audioPlay":false,"sceneViewState":{"showFog":true,"showMaterialUpdate":true,"showSkybox":true,"showFlares":true,"showImageEffects":true,"showParticleSystems":true},"in2DMode":false,"pivot":{"x":-2.1644632816314699,"y":-5.555428504943848,"z":-3.0459518432617189},"rotation":{"x":0.3877769112586975,"y":0.28414884209632876,"z":-0.12700112164020539,"w":0.8676223754882813},"size":36.838809967041019,"orthographic":false}