{"cameraMode":{"drawMode":0,"name":"Shaded","section":"Shading Mode"},"sceneLighting":false,"audioPlay":false,"sceneViewState":{"showFog":true,"showMaterialUpdate":true,"showSkybox":true,"showFlares":true,"showImageEffects":true,"showParticleSystems":true},"in2DMode":false,"pivot":{"x":29.74180793762207,"y":-0.6281262040138245,"z":6.821177959442139},"rotation":{"x":0.2634892463684082,"y":-0.5113780498504639,"z":0.16833092272281648,"w":0.8004616498947144},"size":10.528752326965332,"orthographic":false}