{"cameraMode":{"drawMode":0,"name":"Shaded","section":"Shading Mode"},"sceneLighting":false,"audioPlay":false,"sceneViewState":{"showFog":true,"showMaterialUpdate":true,"showSkybox":true,"showFlares":true,"showImageEffects":true,"showParticleSystems":true},"in2DMode":false,"pivot":{"x":4.508443832397461,"y":2.7243337631225588,"z":2.7152061462402345},"rotation":{"x":-0.4244048595428467,"y":0.005973717663437128,"z":-0.002800123533234,"w":-0.9054593443870544},"size":8.632394790649414,"orthographic":false}